"LOINC_NUM","COMPONENT","PROPERTY","TIME_ASPCT","SYSTEM","SCALE_TYP","METHOD_TYP","CLASS","VersionLastChanged","CHNG_TYPE","DefinitionDescription","STATUS","CONSUMER_NAME","CLASSTYPE","FORMULA","EXMPL_ANSWERS","SURVEY_QUEST_TEXT","SURVEY_QUEST_SRC","UNITSREQUIRED","RELATEDNAMES2","SHORTNAME","ORDER_OBS","HL7_FIELD_SUBFIELD_ID","EXTERNAL_COPYRIGHT_NOTICE","EXAMPLE_UNITS","LONG_COMMON_NAME","EXAMPLE_UCUM_UNITS","STATUS_REASON","STATUS_TEXT","CHANGE_REASON_PUBLIC","COMMON_TEST_RANK","COMMON_ORDER_RANK","HL7_ATTACHMENT_STRUCTURE","EXTERNAL_COPYRIGHT_LINK","PanelType","AskAtOrderEntry","AssociatedObservations","VersionFirstReleased","ValidHL7AttachmentRequest","DisplayName"
"2160-0","Creatinine","MCnc","Pt","Ser/Plas","Qn","","CHEM","2.73","MIN","","ACTIVE","Creatinine (Blood)",1,"","","","","Y","Creat; Crea; Chemistry; Mass concentration; Serum or plasma","Creat SerPl-mCnc","Both","","","mg/dL","Creatinine [Mass/volume] in Serum or Plasma","mg/dL","","","",4,3,"","","","","","1.0","","Creatinine (S/P) [Mass/Vol]"
"14682-9","Creatinine","SCnc","Pt","Ser/Plas","Qn","","CHEM","2.73","MIN","","ACTIVE","",1,"","","","","Y","Creat; Chemistry; Substance concentration","Creat SerPl-sCnc","Both","","","umol/L","Creatinine [Moles/volume] in Serum or Plasma","umol/L","","","",20,15,"","","","","","1.0j","","Creatinine (S/P) [Moles/Vol]"
"2161-8","Creatinine","MCnc","Pt","Ser/Plas","Qn","Jaffe","CHEM","2.73","MIN","","DISCOURAGED","",1,"","","","","Y","Creat; Chemistry; Jaffe method","Creat SerPl Jaffe-mCnc","Both","","","mg/dL","Creatinine [Mass/volume] in Serum or Plasma by Jaffe method","mg/dL","","","",0,0,"","","","","","1.0","","Creatinine Jaffe (S/P) [Mass/Vol]"
"718-7","Hemoglobin","MCnc","Pt","Bld","Qn","","HEM/BC","2.73","MIN","","ACTIVE","Hemoglobin (Blood)",1,"","","","","Y","Hgb; Hb; Haemoglobin; Hematology; Blood","Hgb Bld-mCnc","Both","","","g/dL","Hemoglobin [Mass/volume] in Blood","g/dL","","","",1,1,"","","","","","1.0","","Hemoglobin (Bld) [Mass/Vol]"
"4548-4","Hemoglobin A1c/Hemoglobin.total","MFr","Pt","Bld","Qn","","HEM/BC","2.73","MIN","","ACTIVE","Hemoglobin A1c (Blood)",1,"","","","","Y","HbA1c; A1c; Glycated hemoglobin; Glycohemoglobin","Hgb A1c MFr Bld","Both","","","%","Hemoglobin A1c/Hemoglobin.total in Blood","%","","","",5,4,"","","","","","1.0","","HbA1c (Bld) [Mass Fraction]"
"58410-2","CBC panel","-","Pt","Bld","-","Automated count","PANEL.HEM/BC","2.73","MIN","","ACTIVE","Complete Blood Count (Blood)",1,"","","","","","CBC; Full blood count; FBC; Hematology panel","CBC pnl Bld Auto","Order","","","","CBC panel - Blood by Automated count","","","","",0,2,"","","Order","","","2.34","","CBC panel (Bld) [Auto]"
"99999-9","Widget factor","MCnc","Pt","Ser","Qn","","CHEM","2.73","MIN","","DEPRECATED","",1,"","","","","","","Widget SerPl-mCnc","Both","","","","Widget factor [Mass/volume] in Serum","","","","",0,0,"","","","","","1.0","","Widget factor (S) [Mass/Vol]"
"3016-3","Thyrotropin","ACnc","Pt","Ser/Plas","Qn","","CHEM","2.73","MIN","","ACTIVE","TSH (Blood)",1,"","","","","Y","TSH; Thyroid stimulating hormone; Thyrotrophin; Endocrinology","TSH SerPl-aCnc","Both","","","m[IU]/L","Thyrotropin [Units/volume] in Serum or Plasma","m[IU]/L","","","",8,6,"","","","","","1.0","","TSH (S/P) [Units/Vol]"
"12345-6","Fictitious protein","MCnc","Pt","Ser","Qn","","CHEM","2.73","MIN","","ACTIVE","",1,"","","","","","Fictitious","Fict SerPl-mCnc","Both","","","","Fictitious protein [Mass/volume] in Serum","","","","",0,0,"","","","","","1.0","","Fictitious protein (S) [Mass/Vol]"
